[{
    "question": "Which superhero are in the movie The Avengers?",
    "option1": "Superman",
    "option2": "Batman",
    "option3": "Iron Man",
    "option4": "Wolverine",
    "answer": "3"
}, {
    "question": "Who is the director for the movie Pulp Fiction?",
    "option1": "Michael Bay",
    "option2": "Quentin Tarantino",
    "option3": "Martin Scorsese",
    "option4": "Steve Spielberg",
    "answer": "2"
}, {
    "question": "Which movie has the actor Leonardo DiCaprio starred in?",
    "option1": "The Departed",
    "option2": "Shrek",
    "option3": "Batman: The Dark Knight",
    "option4": "The Predator",
    "answer": "1"
}, {
    "question": "Which movie has the actor Harrison Ford starred in?",
    "option1": "Indiana Jones",
    "option2": "Oceans 11",
    "option3": "iRobot",
    "option4": "Mission Impossible",
    "answer": "1"
}, {
    "question": "Who is the main actor in the movie Django Unchained?",
    "option1": "John Travolta",
    "option2": "Tom Cruise",
    "option3": "Jamie Foxx",
    "option4": "Samuel L. Jackson",
    "answer": "3"
}]