[{
	"question": "Recently a Korean artist has reached the top of the Billboard 200. Which group is this?",
	"option1": "EXO",
	"option2": "BIGBANG",
	"option3": "BTS",
	"option4": "TWICE",
	"answer": "3"
}, {
	"question": "Which music video has the most views within 24 hours of its initial release on YouTube?",
	"option1": "Fake Love by BTS",
	"option2": "Look What You Made Me Do by Taylor Swift",
	"option3": "Ddu-Du Ddu-Du by BLACKPINK",
	"option4": "Idol by BTS",
	"answer": "4"
}, {
	"question": "Which music video has the most views on YouTube?",
	"option1": "Gangnam Style by Psy",
	"option2": "Despacito by Luis Fonsi ft. Daddy Yankee",
	"option3": "Shape of You by Ed Sheeran",
	"option4": "See You Again by Wiz Khalifa ft. Charlie Puth",
	"answer": "2"
}, {
	"question": "What music video on YouTube has the most dislikes?",
	"option1": "It's Everyday Bro by Jake Paul ft. Team 10",
	"option2": "Baby by Justin Bieber",
	"option3": "Friday by Rebecca Black",
	"option4": "Despacito by Luis Fonsi ft. Daddy Yankee",
	"answer": "2"
}, {
	"question": "Which of these artists is best known as King of Pop?",
	"option1": "Michael Jackson",
	"option2": "Bruno Mars",
	"option3": "The Weeknd",
	"option4": "Drake",
	"answer": "1"
}]