[{
	"question": "Who won the 2017 AFL premiership ?",
	"option1": "Geelong",
	"option2": "Richmond",
	"option3": "Sydney",
	"option4": "Hawthorn",
	"answer": "2"
}, {
	"question": "Which nation won the 2018 World Cup ?",
	"option1": "Germany",
	"option2": "Spain",
	"option3": "France",
	"option4": "Italy",
	"answer": "3"
}, {
	"question": "In which year's olympic games was the American basketball 'Dream Team' formed ?",
	"option1": "1992",
	"option2": "1996",
	"option3": "2004",
	"option4": "2012",
	"answer": "1"
}, {
	"question": "Which player one the men's Grand Slam final at the 2018 Australian Open ?",
	"option1": "Roger Federer",
	"option2": "Rafael Nadal",
	"option3": "Novak Djokovic",
	"option4": "None of the above",
	"answer": "1"
}, {
	"question": "Who won the 2018 Formula 1 Melbourne Grand Prix ?",
	"option1": "Lewis Hamilton",
	"option2": "Michael Schumacher",
	"option3": "Sebastian Vettel",
	"option4": "Daniel Ricardo",
	"answer": "3"
}]